"Index","X","Y","Error"
"1","194.491","208.443","0.0124457071790787"
"2","193.744","207.584","0.0325521646498919"
"3","192.791","206.216","0.0466876988089651"
"4","192.791","206.216","0.0466876988089651"
"5","192.791","206.216","0.0466876988089651"
"6","192.791","206.216","0.0466876988089651"
"7","192.791","206.216","0.0466876988089651"
"8","192.791","206.216","0.0466876988089651"
"9","192.791","206.216","0.0466876988089651"
"10","192.791","206.216","0.0466876988089651"
"11","192.791","206.216","0.0466876988089651"
"12","192.791","206.216","0.0466876988089651"
"13","192.515","206.029","0.0950751426273373"
"14","192.515","206.029","0.0950751426273373"
"15","192.515","206.029","0.0950751426273373"
"16","192.515","206.029","0.0950751426273373"
"17","192.515","206.029","0.0950751426273373"
"18","192.515","206.029","0.0950751426273373"
"19","192.515","206.029","0.0950751426273373"
"20","192.515","206.029","0.0950751426273373"
"21","192.515","206.029","0.0950751426273373"
"22","192.515","206.029","0.0950751426273373"
"23","191.489","203.505","0.0334788642000442"
"24","191.524","203.347","0.044941359020116"
"25","191.524","203.347","0.044941359020116"
"26","191.524","203.347","0.044941359020116"
"27","191.524","203.347","0.044941359020116"
"28","191.524","203.347","0.044941359020116"
"29","191.524","203.347","0.044941359020116"
"30","191.524","203.347","0.044941359020116"
"31","191.524","203.347","0.044941359020116"
"32","191.524","203.347","0.044941359020116"
"33","191.245","203.154","0.17081510105119"
"34","191.384","202.522","0.112215658068278"
"35","190.878","200.353","0.127139015624292"
"36","190.878","200.353","0.127139015624292"
"37","190.878","200.353","0.127139015624292"
"38","190.878","200.353","0.127139015624292"
"39","190.878","200.353","0.127139015624292"
"40","190.878","200.353","0.127139015624292"
"41","190.878","200.353","0.127139015624292"
"42","190.878","200.353","0.127139015624292"
"43","190.878","200.353","0.127139015624292"
"44","190.878","200.353","0.127139015624292"
"45","187.253","199.945","0.0550000000000068"
"46","184.646","200.039","0.0389999999999873"
"47","178.327","199.987","0.0130000000000052"
"48","175.97","200.35","0.349999999999994"
"49","169.641","200.179","0.179000000000002"
"50","167.09","199.871","0.128999999999991"
"51","161.69","199.854","0.145999999999987"
"52","159.621","200.303","0.302999999999997"
"53","154.209","200.279","0.278999999999996"
"54","151.619","200.117","0.11699999999999"
"55","145.863","200.133","0.13300000000001"
"56","143.638","199.825","0.175000000000011"
"57","138.055","199.81","0.189999999999998"
"58","136.135","200.243","0.242999999999995"
"59","130.877","200.225","0.224999999999994"
"60","128.647","199.964","0.0360000000000014"
"61","123.21","200.013","0.0130000000000052"
"62","120.95","199.875","0.125"
"63","118.755","200.071","0.24394147008888"
"64","118.755","200.071","0.24394147008888"
"65","118.755","200.071","0.24394147008888"
"66","118.755","200.071","0.24394147008888"
"67","118.656","202.545","0.0681857066628705"
"68","118.429","203.264","0.112803871693763"
"69","117.156","206.149","0.126537124789975"
"70","116.572","206.889","0.2054633433309"
"71","114.86","208.921","0.10962366844383"
"72","114.261","209.653","0.0797257467383158"
"73","111.785","210.881","0.112416314231809"
"74","110.824","211.635","0.247664916134649"
"75","107.956","212.029","0.0679365878767018"
"76","106.905","212.107","0.108370353093103"
"77","104.138","211.79","0.133166006834954"
"78","103.229","211.508","0.110605456015925"
"79","100.658","210.292","0.0891615904328039"
"80","99.901","209.645","0.0233403564357805"
"81","97.546","207.5","0.0679070411824217"
"82","97.144","206.815","0.0164846855050769"
"83","95.948","204.737","0.0247572293028677"
"84","95.693","203.671","0.11116223103491"
"85","95.242","202.242","0.028890955166576"
"86","95.242","202.242","0.028890955166576"
"87","95.242","202.242","0.028890955166576"
"88","95.242","202.242","0.028890955166576"
"89","95.242","202.242","0.028890955166576"
"90","95.242","202.242","0.028890955166576"
"91","95.242","202.242","0.028890955166576"
"92","95.242","202.242","0.028890955166576"
"93","95.242","202.242","0.028890955166576"
"94","95.242","202.242","0.028890955166576"
"95","95.046","201.886","0.10305878825516"
"96","95.046","201.886","0.10305878825516"
"97","95.046","201.886","0.10305878825516"
"98","95.046","201.886","0.10305878825516"
"99","95.046","201.886","0.10305878825516"
"100","95.046","201.886","0.10305878825516"
"101","95.046","201.886","0.10305878825516"
"102","95.046","201.886","0.10305878825516"
"103","95.046","201.886","0.10305878825516"
"104","95.046","201.886","0.10305878825516"
"105","95.186","201.516","0.0879234834495011"
"106","95.186","201.516","0.0879234834495011"
"107","95.186","201.516","0.0879234834495011"
"108","95.186","201.516","0.0879234834495011"
"109","95.186","201.516","0.0879234834495011"
"110","95.186","201.516","0.0879234834495011"
"111","95.186","201.516","0.0879234834495011"
"112","95.186","201.516","0.0879234834495011"
"113","95.186","201.516","0.0879234834495011"
"114","95.186","201.516","0.0879234834495011"
"115","94.99","201.158","0.066771834445762"
"116","94.99","201.158","0.066771834445762"
"117","94.99","201.158","0.066771834445762"
"118","94.99","201.158","0.066771834445762"
"119","94.99","201.158","0.066771834445762"
"120","94.99","201.158","0.066771834445762"
"121","94.99","201.158","0.066771834445762"
"122","94.99","201.158","0.066771834445762"
"123","94.99","201.158","0.066771834445762"
"124","94.99","201.158","0.066771834445762"
"125","95.129","200.787","0.101925002014106"
"126","95.129","200.787","0.101925002014106"
"127","95.129","200.787","0.101925002014106"
"128","95.129","200.787","0.101925002014106"
"129","95.129","200.787","0.101925002014106"
"130","95.129","200.787","0.101925002014106"
"131","95.129","200.787","0.101925002014106"
"132","95.129","200.787","0.101925002014106"
"133","95.129","200.787","0.101925002014106"
"134","95.129","200.787","0.101925002014106"
"135","94.933","200.427","0.0754095851079953"
"136","94.933","200.427","0.0754095851079953"
"137","94.933","200.427","0.0754095851079953"
"138","94.933","200.427","0.0754095851079953"
"139","94.933","200.427","0.0754095851079953"
"140","94.933","200.427","0.0754095851079953"
"141","94.933","200.427","0.0754095851079953"
"142","94.933","200.427","0.0754095851079953"
"143","94.933","200.427","0.0754095851079953"
"144","94.933","200.427","0.0754095851079953"
"145","92.232","200.148","0.147999999999996"
"146","90.229","200.206","0.205999999999989"
"147","85.374","199.944","0.0560000000000116"
"148","83.554","200.345","0.344999999999999"
"149","76.467","200.593","0.592999999999989"
"150","75.216","200.781","0.215999999999994"
"151","75.216","200.781","0.215999999999994"
"152","75.216","200.781","0.215999999999994"
"153","75.049","200.409","0.0490000000000066"
"154","75.049","200.409","0.0490000000000066"
